url,name,address,phone
https://www.navigator.az/firm/9338/info/,BUTA Aptek Azadlig,"Хандана Джафара 3066, 8-й мкр. Бинагадинский район Азадлыг","(+99455) 455-85-68,(+99412) 436-31-54"
https://www.navigator.az/firm/762/info/,APTEK №49,"Фаталиева Мухтара 4089, пос. Бакиханова Сабунчинский район",(+99412) 428-12-83
https://www.navigator.az/firm/16328/info/,AZERIMED Aptek Sevgi,Мир-Джалала 11 Бинагадинский район,"(+99412) 430-43-17,*7700"
https://www.navigator.az/firm/16324/info/,AZERIMED Aptek Azadlig,Мамедовой Шовкет 6 E Бинагадинский район Азадлыг,"*7700,(+99455) 455-85-46,(+99412) 562-61-16"
https://www.navigator.az/firm/1886/info/,BANOVSHA Green Pharmacy №623,Рафиева Наджафгулу 25 Хатаинский район Шах Исмаил Хатаи,"(+99450) 372-01-27,(+99412) 489-07-48"
https://www.navigator.az/firm/16325/info/,AZERIMED Aptek Aygun,Ахундова Сулеймана Сани 2/1 Бинагадинский район,"(+99412) 561-74-09,*7700"
https://www.navigator.az/firm/16327/info/,AZERIMED Aptek Oskar,Мир-Джалала 72 Бинагадинский район Насими,"(+99412) 560-47-20,*7700,(+99455) 455-85-74"
https://www.navigator.az/firm/23347/info/,BUTA Aptek 28 May,Тебриза 7 Насиминский район 28 мая,(+99412) 541-67-15
https://www.navigator.az/firm/18158/info/,APTEK №221,"Мехбалыева Ахмеда 9, Гарачухурский пос. Сураханский район",(+99412) 427-09-87
https://www.navigator.az/firm/25251/info/,AMPULA APTEK,Самеда Вургуна 112 Насиминский район - Ориентир: Парк Зорге,"(+99412) 440-73-44,(+99450) 667-37-37"
https://www.navigator.az/firm/29709/info/,CAN PHARMACY,Рашида Бейбутова 48 Насиминский район,"(+99412) 441-30-65,(+99450) 960-22-60,(+99470) 441-30-65"
https://www.navigator.az/firm/776/info/,ELGUL Аптека №925,Алиевой Зарифы 40 (бывший 22) Сабаильский район Сахиль,"(+99412) 492-40-87,(+99450) 371-03-03"
https://www.navigator.az/firm/21223/info/,ELITE APTEK MONTE KRISTO,Хандана Джафара 13 Бинагадинский район,(+99412) 563-54-51
https://www.navigator.az/firm/12726/info/,ELECTRON Aptek,Сурхай Джаббарлы 1 Бакиханова пос. район,(+99412) 429-78-97
https://www.navigator.az/firm/780/info/,ELITE APTEK,28 Мая 56 (бывший 20) Насиминский район 28 мая,"(+99412) 493-99-32,(+99412) 409-40-06,(+99455) 267-95-32,(+99450) 701-23-45"
https://www.navigator.az/firm/9168/info/,EMIL Aptek,Раджабли Ахмеда 3 B Наримановский район Нариман Нариманова,"(+99412) 465-67-38,(+99470) 665-67-38"
https://www.navigator.az/firm/2466/info/,DIABET Aptek,Джафара Джаббарлы 18 Ясамальский район Низами,(+99412) 594-45-23
https://www.navigator.az/firm/3025/info/,ESKULAP Aptek,Рашида Бейбутова 42 Насиминский район 28 мая,(+99412) 493-52-48
https://www.navigator.az/firm/3971/info/,DOCTOR Chemist's shop №44,Караева Кары пр-т. 61С Низаминский район Нефтчиляр,(+99412) 422-48-92
https://www.navigator.az/firm/2192/info/,CHEBURASHKA Aptek №728,Курбанова Шихали 17 Ясамальский район Низами,"(+99450) 615-50-55,(+99412) 594-60-36"
https://www.navigator.az/firm/4939/info/,FATIMA,Шарифзаде 148 K Ясамальский район Иншаатчылар,(+99412) 533-05-69
https://www.navigator.az/firm/4795/info/,LOGMAN Aptek Aga Neymatulla,Ага Нейматуллы 37 Наримановский район Нариман Нариманова,(+99412) 567-74-13
https://www.navigator.az/firm/30234/info/,KANON APTEK (1),Багировой Басти 14 Ясамальский район,(+99412) 436-98-05
https://www.navigator.az/firm/16145/info/,INAM 28 May,Алиевой Диляры 235 Насиминский район 28 мая,"(+99470) 534-86-06,(+99412) 498-73-76,(+99450) 368-86-12"
https://www.navigator.az/firm/30201/info/,HEKIMOGLU (3),Азербайджан пр-т. 4 Сабаильский район,(+99450) 401-54-35
https://www.navigator.az/firm/16142/info/,INAM Binagadi,"Мамедовой Светланы 207, 6-й мкр. Бинагадинский район Насими","(+99412) 568-98-20,(+99470) 578-98-20"
https://www.navigator.az/firm/23391/info/,KAPSULA Aptek,Самеда Вургуна 85 Насиминский район 28 мая,"(+99450) 253-72-52,(+99412) 596-32-05"
https://www.navigator.az/firm/30202/info/,HEKIMOGLU (4),Джавида Гусейна пр-т. 82 Ясамальский район,(+99450) 884-26-35
https://www.navigator.az/firm/21084/info/,OZON PHARMACY,Юсифова Фаика 31 Наримановский район - Ориентир: Metro Park Нариман Нариманова,"(+99412) 566-32-91,(+99470) 311-44-82"
https://www.navigator.az/firm/29704/info/,OZON APTEK (2),Юсифова Фаика 31 Наримановский район,"(+99470) 333-33-82,(+99470) 311-44-82"
https://www.navigator.az/firm/29705/info/,OZON APTEK (3),Гасанова Музаффaра 1 Ясамальский район 20 января,(+99477) 311-44-82-20
https://www.navigator.az/firm/30199/info/,HEKIMOGLU (1),Самеда Вургуна 36 Насиминский район,(+99450) 401-51-35
https://www.navigator.az/firm/30200/info/,HEKIMOGLU (2),Азербайджан пр-т. 1 Сабаильский район,(+99450) 401-54-35
https://www.navigator.az/firm/29708/info/,NERGIZ APTEK,Академика Алиева Гасана 96 Наримановский район,(+99450) 741-71-20
https://www.navigator.az/firm/29703/info/,OZON APTEK (1),Хойского Фатали Хана 126 Наримановский район,"(+99470) 333-33-82,(+99477) 311-44-77"
https://www.navigator.az/firm/4498/info/,NATURALIST Aptek,Джавада Ахмеда 22 Сабаильский район Ичери Шехер,(+99412) 492-23-17
https://www.navigator.az/firm/2779/info/,MEGA Aptek,Хагвердиева 13/30 Ясамальский район,"(+99412) 538-30-26,(+99450) 533-75-04"
https://www.navigator.az/firm/30515/info/,MEDSHOP.AZ,Раджабли Ахмеда 1/25 Наримановский район,(+99412) 310-02-62
https://www.navigator.az/firm/29706/info/,MELHEM APTEK,Гяср Gülüstan küç 10/1 Бинагадинский район,"(+99412) 411-62-29,(+99470) 888-67-47"
https://www.navigator.az/firm/9164/info/,LOGMAN Aptek Narimanov,Ахмедзаде Мирзабалы 11 Наримановский район Нариман Нариманова,"(+99412) 566-43-61,(+99412) 567-99-73"
https://www.navigator.az/firm/773/info/,SAF-1 Аптека,Мир-Гасымова 1 Насиминский район - Ориентир: Азербайджанский Медицинский Университет,(+99412) 595-49-35
https://www.navigator.az/firm/30450/info/,SELENIUM (1),Гусейнова Г. 2 A Ясамальский район,(+99455) 804-11-33
https://www.navigator.az/firm/765/info/,SABAH Аптека,Аббасова Курбана 70 Сабаильский район,"(+99450) 590-25-20,(+99412) 491-25-20"
https://www.navigator.az/firm/5481/info/,QIZIL GUL Aptek,Раджабли Ахмеда 5 Наримановский район - Ориентир: Metro Park Нариман Нариманова,"(+99412) 564-45-78,(+99412) 564-10-58"
https://www.navigator.az/firm/30451/info/,SELENIUM (2),Академика Алиева Гасана Наримановский район,(+99455) 809-11-33
https://www.navigator.az/firm/9337/info/,ROMAŞKA Aptek,"Дадашева Ибрагима Паши 35, 8-й мкр. Бинагадинский район Азадлыг",(+99412) 563-09-61
https://www.navigator.az/firm/9166/info/,PASHA-K 1 Aptek,Хойского Фатали Хана 138 Наримановский район Нариман Нариманова,"(+99450) 295-59-12,(+99412) 567-92-12"
https://www.navigator.az/firm/21316/info/,PLANETA Pharmacy Narimanov,"Раджабли Ахмеда 34, кв.1 Наримановский район - Ориентир: Life Center Нариман Нариманова","(+99470) 594-94-30,(+99412) 564-97-65,(+99412) 564-75-95"
https://www.navigator.az/firm/9227/info/,SHOK Aptek,Хагвердиева 13 Ясамальский район Низами,(+99412) 538-33-42
https://www.navigator.az/firm/18157/info/,PHARMACY №40,"Дадашева Ибрагима Паши 35, 8-й мкр. Бинагадинский район",(+99412) 563-09-61
https://www.navigator.az/firm/9654/info/,VITAMIN Pharmacy №977,Ахмедова Асада 42 Ясамальский район Иншаатчылар,(+99412) 432-86-16
https://www.navigator.az/firm/9172/info/,VITA Aptek Nizami,Джафара Джаббарлы 14/1 Ясамальский район Низами,"(+99412) 511-24-70,(+99412) 497-80-66"
https://www.navigator.az/firm/7259/info/,VITA Aptek Narimanov,Хойского Фатали Хана 130 Наримановский район Нариман Нариманова,(+99412) 564-28-25
https://www.navigator.az/firm/21312/info/,VITA Аптека ,Бадамдарское шоссе 5 Сабаильский район,"(+99412) 502-42-30,(+99455) 515-27-25"
https://www.navigator.az/firm/12782/info/,VITA Aptek Fatali Khan Khoyski ave.,Хойского Фатали Хана 99 Наримановский район,"(+99451) 395-37-97,(+99412) 465-68-96"
https://www.navigator.az/firm/15257/info/,VITA Aptek Azadlig,"Азадлыг пр-т. 12, Расулзаде пос. Бинагадинский район Азадлыг",(+99412) 412-10-48
https://www.navigator.az/firm/24598/info/,SSG (SERVICE SUPPLY GROUP),1222-я 12 Наримановский район - Ориентир: Жилой массив Дарнагюль Улдуз,"(+99412) 566-97-34,(+99455) 355-30-36"
https://www.navigator.az/firm/972/info/,TT Аптека,Академика Алиева Гасана 17 Насиминский район,"(+99412) 440-50-06,(+99451) 530-66-50"
https://www.navigator.az/firm/6564/info/,TEBIB Aptek,Академика Алиева Гасана 82 Наримановский район Гянджлик,(+99412) 465-82-25
https://www.navigator.az/firm/772/info/,TEBIB TM Аптека,28 Мая 78 (бывший 44/12) Насиминский район 28 мая,(+99412) 493-07-45
https://www.navigator.az/firm/24657/info/,ZEFERAN Pharmacy Khatai,Сафарова Юсифа / ул. Мехтизаде Мехти Хатаинский район - Ориентир: Бакинский завод глубоководных оснований им. Г. Алиева,(+99412) 489-51-84
https://www.navigator.az/firm/24660/info/,ZEFERAN Pharmacy Badamdar,- Территория специализированного лечебного комплекса Бадамдарский пос. район,(+99412) 502-41-53
https://www.navigator.az/firm/4793/info/,YENI HEYAT Aptek,Мир-Гасымова 14/26 Насиминский район Гянджлик,(+99412) 441-53-41
https://www.navigator.az/firm/24658/info/,ZEFERAN Pharmacy Akhmedli,Хади Магомеда 23/24 Хатаинский район,(+99412) 376-04-15
https://www.navigator.az/firm/4444/info/,VITAMIN Аптека,"Алиева Гусейнбалы 4, кв. 18, 3-й мкр. Насиминский район Мемар Аджеми","(+99455) 455-87-85,(+99412) 430-00-14"
https://www.navigator.az/firm/9920/info/,ZƏFƏRAN Aptek Avtovağzal,"Есенина Сергея внутри Автовокзала, пос. Мардакяны Хазарский (бывш. Азизбековский) район",(+99412) 454-82-89
https://www.navigator.az/firm/9919/info/,ZƏFƏRAN Aptek Mərkəz,Алиевой Зарифы 5 Сабаильский район Сахиль,(+99412) 493-99-71
https://www.navigator.az/firm/24656/info/,ZEFERAN Pharmacy Samed Vurgun,Самеда Вургуна 108 Насиминский район,(+99412) 441-56-46
https://www.navigator.az/firm/24659/info/,ZƏFƏRAN Aptek Diagnoz,"Зардаби Гасанбека 79 B, Национальный Онкологический Центр, Корпус Диагностики Ясамальский район",(+99412) 537-08-11
https://www.navigator.az/firm/22515/info/,ZEYTUN PHARMACEUTICALS Pharmacy,"Алиева Алияра 8, 5-6, 1937-й квартал Наримановский район",(+99412) 404-78-85
https://www.navigator.az/firm/23457/info/,ZEYTUN FARMASYUTİKLS Ofis,Алиевой Зарифы 41 Сабаильский район,(+99412) 404-78-85
https://www.navigator.az/firm/9917/info/,ZEFERAN Aptek Xəstəxana №5,Хойского Фатали Хана 5 Наримановский район Нариман Нариманова,(+99412) 564-58-00
https://www.navigator.az/firm/12431/info/,ZEFERAN Aptek Lokbatan,"28 Мая 3 А, посёлок Локбатан Гарадагский район",(+99412) 445-55-73
https://www.navigator.az/firm/9220/info/,ZEYTUN Elmler,Агаева Фируддина 558-й квартал Ясамальский район,(+99412) 538-50-38
https://www.navigator.az/firm/9902/info/,ZEFERAN Aptek Azadlıq pr.,Азадлыг пр-т. 105 Насиминский район,(+99412) 441-38-14
https://www.navigator.az/firm/12804/info/,ZEFERAN Aptek Airport,Международный Аэропорт Гейдар Алиев Бина пос. Хазарский (бывш. Азизбековский) район,(+99412) 497-26-45
https://www.navigator.az/firm/12799/info/,ZEFERAN Aptek 20 Yanvar,"Зардаби Гасанбека / Гасанова Музаффара, 3161-й квартал Ясамальский район 20 января",(+99412) 431-87-00
https://www.navigator.az/firm/9903/info/,ZEFERAN Aptek Sahil,Низами 99 (бывший 66) Сабаильский район Сахиль,(+99412) 493-11-12
https://www.navigator.az/firm/12433/info/,ZEFERAN Aptek Icheri Sheher,Джавада Ахмеда 20 Сабаильский район Ичери Шехер,(+99412)  492-89-78
https://www.navigator.az/firm/12806/info/,ZƏFƏRAN Aptek Mərkəzi klinik xəstəxanası,"Парламента пр-т. 76, (Центральная клиническая больница) Сабаильский район Ичери Шехер",(+99412) 492-79-19
https://www.navigator.az/firm/9342/info/,АПТЕКА №86,Мамедова Эльчина пос. Говсаны Сураханский район,
https://www.navigator.az/firm/9918/info/,ЗЕФЕРАН Аптека Бакиханов,Гянджлик 27 C Сабунчинский район,(+99412) 428-96-03
https://www.navigator.az/firm/24661/info/,ЗЕФЕРАН Аптека Говсан,Ахлиманова Ильгара 25 Сураханский район,(+99412) 457-71-81
https://www.navigator.az/firm/18156/info/,АПТЕКА №558,Агаева Фируддина 558 Ясамальский район Элмляр Академиясы,(+99412) 510-25-61
https://www.navigator.az/firm/18159/info/,АПТЕКА №357,Гашгая Мирали 36 Насиминский район,(+99412) 441-64-81
https://www.navigator.az/firm/9170/info/,АПТЕКА №354,Гаджибейли Джейхуна 24 Наримановский район 28 мая,(+99412) 440-63-59
https://www.navigator.az/firm/5679/info/,АПТЕКА №81,"Караева Кары пр-т. 58, 8-й км. Низаминский район Нефтчиляр",(+99412) 421-89-83
https://www.navigator.az/firm/9341/info/,АПТЕКА №308,"Есенина Сергея 58, пос. Мардакяны Хазарский (бывш. Азизбековский) район",(+99412) 454-40-49
https://www.navigator.az/firm/16302/info/,АЗЕРИМЕД Аптека Ромашка,Мир-Гасымова 2 Насиминский район,"*7700,(+99455) 455-85-39,(+99412) 449-46-64"
https://www.navigator.az/firm/16308/info/,АПТЕКА №254,Караева Кары пр-т. 31 Низаминский район Кара Караева,"(+99412) 421-06-93,(+99412) 511-13-85"
https://www.navigator.az/firm/751/info/, APTEK  №399 (ЧП MEMMEDOV R.N.),Ахмедова Асада 201 Ясамальский район Иншаатчылар,"(+99412) 432-90-90,(+99455) 206-06-42"
https://www.navigator.az/firm/16303/info/,AVESTAFARM Aptek Memar Əcəmi,Магеррамова Асифа 66 A Насиминский район Мемар Аджеми,"(+99412) 430-13-74,(+99455) 455-84-10"
https://www.navigator.az/firm/1851/info/,AVANGARD Аптека,Алиевой Диляры 243 Насиминский район - Ориентир: Парк Самеда Вургуна 28 мая,"(+99450) 643-15-33,(+99412) 493-19-74"
https://www.navigator.az/firm/9176/info/,AFRODITA Chemist's shop №106,Исмаилова Назима пос. Бакиханова Сабунчинский район,(+99412) 425-11-54
https://www.navigator.az/firm/752/info/,ASPIRIN Chemist's shop (ЧП QEDIMZADE A.A.),Низами 85 A (бывший 73 A) Сабаильский район,"(+99412) 493-61-41,(+99450) 356-40-62"
https://www.navigator.az/firm/771/info/,ЦЕНТРАЛЬНАЯ АПТЕКА-2008,Гаджибейли Узеира 63 C Сабаильский район 28 мая,"(+99412) 598-41-20,(+99412) 498-69-28,(+99455) 662-36-64"
https://www.navigator.az/firm/16144/info/,ИНАМ Глазная Клиника им. Зарифы Алиевой,"Джавадхана 3, напротив Глазной Клиники им. Зарифы Алиевой Бинагадинский район","(+99412) 568-25-53,(+99455) 315-75-53"
https://www.navigator.az/firm/9325/info/,РЕАЛ Аптека,Мехдизаде Мехди 16 Хатаинский район Шах Исмаил Хатаи,(+99412) 490-73-10
https://www.navigator.az/firm/9905/info/,ЗЕФЕРАН Аптека пос. Сахиль,"Гасымова Захида 24 С, Сахиль пос. Гарадагский район",(+99412) 446-64-33
https://www.navigator.az/firm/5438/info/,ПЛАНЕТА Аптека 3-й мкр.,"Джавадхана 30/48, 3-й мкр. Насиминский район","(+99412) 430-07-17,(+99412) 430-30-10,(+99412) 430-14-84"
https://www.navigator.az/firm/991/info/,AVİS Aptek Narimanov,Ага Нейматуллы 45 Наримановский район - Ориентир: Metro Park Нариман Нариманова,"(+99450) 205-07-50,(+99412) 465-92-40"
https://www.navigator.az/firm/998/info/,AVROPA APTEK Yasamal,Джавада Ахмеда 20 Ясамальский район - Ориентир: ЦУМ Ичери Шехер,"(+99412) 492-30-87,(+99450) 750-33-71,(+99412) 492-33-71"
https://www.navigator.az/firm/23171/info/,AVROPA APTEK Səbail,"Аббасова Курбана 70, возле Роддома №5 Сабаильский район","(+99450) 327-10-70,(+99412) 491-28-71,(+99412) 491-25-20"
https://www.navigator.az/firm/10195/info/,AVROPA PHARMACY Polyclinic №2,Шейха Шамиля 4/ ул. Лермонтова 76 Сабаильский район,"(+99412) 437-00-22,(+99451) 915-00-22,(+99412) 492-27-51"
https://www.navigator.az/firm/6819/info/,AVIS Pharmacy Akhmedli,Хади Магомеда 41 V Хатаинский район Ахмедлы,"(+99412) 570-28-53,(+99450) 205-07-34"
https://www.navigator.az/firm/21334/info/,AVROPA APTEK 5 saylı Doğum Evi,"Аббасова Курбана 27, возле Роддома №5 Сабаильский район","(+99450) 590-25-20,(+99412) 491-25-53,(+99412) 491-34-83"
https://www.navigator.az/firm/16323/info/,AVIS Aptek Badamdar,Бадамдарское шоссе 5 Сабаильский район,"(+99412) 502-47-67,(+99451) 271-33-88"
https://www.navigator.az/firm/19999/info/,AVIS Aptek Nasimi,Джавадхана 43 Насиминский район,"(+99451) 774-00-02,(+99412) 568-93-58"
https://www.navigator.az/firm/990/info/,AVIS Apteka Torgovaya,Расула Рзы 23/7 Сабаильский район - Ориентир: Торговый Центр ХАГАНИ Сахиль,"(+99412) 498-93-22,(+99450) 302-40-10"
https://www.navigator.az/firm/16335/info/,AVESTAFARM Aptek Viktoria,Тебриза 17 Наримановский район,"(+99412) 541-05-21,(+99455) 455-85-64"
https://www.navigator.az/firm/24003/info/,GARACIYER APTEKI,Аскеровой Салатын 79 Ясамальский район Низами,"(+99412) 596-72-88,(+99455) 789-77-77"
https://www.navigator.az/firm/2454/info/,ELVIN  Aptek 007 (ES QURBANOVA A.M.),Азадлыг пр-т. 82 Насиминский район,"(+99450) 338-44-60,(+99412) 441-61-75"
https://www.navigator.az/firm/21515/info/,ELNUR Aptek,Азадлыг пр-т. 132 Насиминский район,"(+99412) 449-79-80,(+99412) 449-79-70"
https://www.navigator.az/firm/20024/info/,GUNEL Aptek,Гянджлик 26 A (бывший 25) Сабунчинский район - Ориентир: Aygun city,"(+99412) 429-97-11,(+99412) 429-97-10"
https://www.navigator.az/firm/8524/info/,DEUTSCHE APOTHEKE (ES QUBADOV I.I.) Icheri Sheher,Алиева Азиза 3 Сабаильский район - Ориентир: Площадь Фонтанов Ичери Шехер,(+99412) 437-25-01
https://www.navigator.az/firm/12581/info/,FAXIR Aptek (FŞ QOCAYEV F.M.),Хади Магомеда 45 Хатаинский район Ахмедлы,"(+99412) 370-16-72,(+99450) 736-97-23"
https://www.navigator.az/firm/167/info/,DEUTSCHE APOTHEKE (ES QUBADOV I.I.) Fizuli,Физули 49 Насиминский район,"(+99412) 596-44-11,(+99412) 596-44-22"
https://www.navigator.az/firm/9174/info/,DEPO Aptek,Истиглалият 118 Сабаильский район,(+99412) 492-70-64
https://www.navigator.az/firm/18154/info/,PHARMACY №240,28 Мая Гарадагский район,(+99412) 445-85-43
https://www.navigator.az/firm/13745/info/,CHIRAG Aptek Gənclik,Рагимова Кёроглу 4 Наримановский район Гянджлик,(+99412) 564-42-10
https://www.navigator.az/firm/6560/info/,MEDI CLUB Aptek,Гаджибейли Узеира 119 (бывший 45) Сабаильский район,"(+99412) 598-25-70,(+99412) 497-09-11"
https://www.navigator.az/firm/5389/info/,ODLAR YURDU-95 Pharmacy,Бакиханова 31/1 Насиминский район,"(+99412) 449-42-21,(+99412) 449-42-20"
https://www.navigator.az/firm/10265/info/,AVİTA Aptek,Ширвани 2 Хатаинский район Халглар Достлугу,(+99412) 376-99-09
https://www.navigator.az/firm/22272/info/,MEDICAL CITY (2),Алиева Гейдара пр-т. 66-68 Наримановский район,(+99412) 567-75-05
https://www.navigator.az/firm/22270/info/,MEDICAL CITY Nasimi,Физули 49 Насиминский район,"(+99470) 594-25-05,(+99412) 594-25-05"
https://www.navigator.az/firm/5350/info/,NUR Aptek,"Хади Магомеда 7, пос. Ахмедлы Хатаинский район Халглар Достлугу",(+99412) 375-64-93
https://www.navigator.az/firm/18167/info/,LIFE APTEK,"Фаталиева Мухтара 32, Бакиханова пос. Сабунчинский район","(+99455) 455-90-84,(+99412) 428-12-74"
https://www.navigator.az/firm/755/info/,ISTANBUL APTEK,Джавида Гусейна 3 Q Ясамальский район Элмляр Академиясы,"(+99450) 302-40-12,(+99412) 537-06-29"
https://www.navigator.az/firm/5185/info/,IRADA Aptek,Ахмедбекова Зивербека 39 A Ясамальский район - Ориентир: Caspian Plaza Низами,(+99412) 596-19-41
https://www.navigator.az/firm/23538/info/,ZEYTUN 14 PHARMACY,Нуриева Бахруза 55/57 Низаминский район,(+99412) 370-22-91
https://www.navigator.az/firm/16146/info/,INAM Bus station,"Сумгаитское шоссе 1-й этаж, 1505-й магазин Бинагадинский район - Ориентир: Автовокзал","(+99455) 819-71-41,(+99412) 499-71-41"
https://www.navigator.az/firm/23539/info/,SHEFA APTEK,Азадлыг пр-т. 233 Наримановский район,(+99412) 449-97-36
https://www.navigator.az/firm/22508/info/,SHEFA APTEK,Ахундова Мирзы Фатали 179 Ясамальский район - Ориентир: Caspian Business Center,"(+99477) 417-01-01,(+99412) 436-91-62"
https://www.navigator.az/firm/24617/info/,YASMIN PHARMACY,"Самеда Вургуна 120, 1-й этаж, ""Yasmin Ticarət Mərkəzi"" Насиминский район - Ориентир: Азербайджанский Медицинский Университет","(+99470) 300-95-41,(+99412) 440-13-36"
https://www.navigator.az/firm/23636/info/,UĞUR APTEK,Самеда Вургуна 114 / ул. Мир-Гасымова Насиминский район Гянджлик,"(+99470) 344-04-02,(+99455) 344-04-02,(+99412) 440-73-64"
https://www.navigator.az/firm/2641/info/,VITA APTEK,Караева Кары пр-т. 27 Низаминский район Кара Караева,"(+99412) 421-59-50,(+99412) 421-59-48"
https://www.navigator.az/firm/6172/info/,SEHHET Aptek,Халилова Захида 48 А Ясамальский район Элмляр Академиясы,(+99412) 538-34-28
https://www.navigator.az/firm/9335/info/,SEMA Aptek,"Мамедовой Шовкет 6 Е, 8-й мкр. Бинагадинский район Азадлыг","(+99412) 562-61-16,(+99455) 455-85-46"
https://www.navigator.az/firm/9226/info/,RETARD Pharmacy (ES RECEBOV E.R.),Талыблы 38 Ясамальский район Иншаатчылар,(+99412) 433-70-91
https://www.navigator.az/firm/23544/info/,ZEYTUN PHARMACY 71,Ахундова Сулеймана Сани 3/33 Бинагадинский район,(+99412) 562-29-50
https://www.navigator.az/firm/23540/info/,ZEYTUN 301 APTEK,Азадлыг пр-т. 202 E Насиминский район,(+99412) 441-33-86
https://www.navigator.az/firm/23542/info/,ZEYTUN APTEK Khatai,Мехдизаде Мехди 44 Хатаинский район,(+99412) 496-85-14
https://www.navigator.az/firm/23554/info/,ZEYTUN APTEK Mukhtar fataliyev str.,Фаталиева Мухтара 151 K Сабунчинский район,(+99412) 428-71-52
https://www.navigator.az/firm/12784/info/,PULS Pharmacy,"Шамиля Камилова 15/74, пос. Бакиханова Сабунчинский район",(+99412) 429-40-71
https://www.navigator.az/firm/23553/info/,ZEYTUN APTEK Bakikhanov str.,Бакиханова 82 E Насиминский район,(+99412) 440-37-83
https://www.navigator.az/firm/23465/info/,ZEYTUN PHARMACEUTICALS Depo,Велиева Огтая 1 Низаминский район,(+99455) 224-34-92
https://www.navigator.az/firm/21314/info/,ZEYTUN 492 PHARMACY,Низами 121 A (бывший 101) Насиминский район Сахиль,"(+99412) 498-07-55,(+99450) 400-23-93"
https://www.navigator.az/firm/23529/info/,ZEYTUN 403 PHARMACY,Азадлыг пр-т. 192 A Насиминский район,"(+99450) 265-89-00,(+99450) 265-71-01,(+99412) 440-87-05"
https://www.navigator.az/firm/6155/info/,ZEYTUN 45 APTEK,"Мустафаева Алы 1/4, 3-й мкр. Насиминский район Мемар Аджеми","(+99412) 430-24-30,(+99470) 679-22-52"
https://www.navigator.az/firm/23541/info/,ZEYTUN 301 APTEK,Пишевари 46 D Насиминский район,(+99412) 530-27-46
https://www.navigator.az/firm/23558/info/,ZEYTUN PHARMACY Sharifzade,Шарифзаде 37 A Ясамальский район,(+99412) 432-00-92
https://www.navigator.az/firm/23552/info/,ZEYTUN PHARMACY Rashid Bekhbudov str.,Рашида Бейбутова 26 Насиминский район,(+99412) 493-88-88
https://www.navigator.az/firm/23549/info/,ZEYTUN PHARMACY Narimanov,Гасаноглы 42 Наримановский район,(+99412) 465-25-15
https://www.navigator.az/firm/23555/info/,ZEYTUN PHARMACY Nasimi,Магеррамова Асифа 67 D Насиминский район,(+99412) 408-95-61
https://www.navigator.az/firm/23556/info/,ZEYTUN PHARMACY Sabunchu,Мехмандарова генерала 36/14 Сабунчинский район,(+99412) 428-77-28
https://www.navigator.az/firm/23545/info/,ZEYTUN PHARMACY Javadkhan str.,"Джавадхана 1, кв. 63 Насиминский район","(+99455) 670-20-43,(+99412) 430-80-54"
https://www.navigator.az/firm/23550/info/,ZEYTUN PHARMACY J.Jabbarli str.,Джафара Джаббарлы 6 Ясамальский район,(+99412) 596-11-23
https://www.navigator.az/firm/23543/info/,ZEYTUN PHARMACY Tbilisi ave.,Тбилисский пр-т. 75 A Ясамальский район,(+99412) 431-13-61
https://www.navigator.az/firm/23547/info/,ZEYTUN PHARMACY Gara Garayev ave.,Караева Кары пр-т. 50 Низаминский район,(+99412) 422-04-86
https://www.navigator.az/firm/23551/info/,ZEYTUN PHARMACY Azadlig,Азадлыг пр-т. 12 Расулзаде пос. район,(+99412) 412-26-23
https://www.navigator.az/firm/743/info/,АЗЕР Аптека Халглар Достлугу,Караева Кары пр-т. 126 Низаминский район Халглар Достлугу,(+99412) 370-51-67
https://www.navigator.az/firm/740/info/,АГАОГЛУ 7 Аптека,Агаоглы Ахмедбека 7/30 Наримановский район,(+99412) 496-19-98
https://www.navigator.az/firm/21335/info/,АВРОПА АПТЕКА Азербайджанский Медицинский Университет,Самеда Вургуна 113 Насиминский район,"(+99470) 490-05-03,(+99412) 440-15-03,(+99412) 409-05-03"
https://www.navigator.az/firm/9588/info/,АВИС Аптека Elmler Akademiyasi,Хагвердиева 11 Ясамальский район Элмляр Академиясы,"(+99450) 205-07-40,(+99412) 497-06-39"
https://www.navigator.az/firm/9228/info/,ZEYTUN 80 APTEK,Назим Хикмет 26/76 Ясамальский район,(+99412) 432-36-47
https://www.navigator.az/firm/777/info/,ZEYTUN 192 APTEK,Пишевари 102 A Насиминский район Мемар Аджеми,"(+99412) 530-20-40,(+99412) 511-20-58"
https://www.navigator.az/firm/768/info/,ZEYTUN 8 APTEK,Гейдарова Арифа 33 Наримановский район Нариман Нариманова,"(+99412) 567-60-45,(+99412) 514-18-95"
https://www.navigator.az/firm/18164/info/,ZEYTUN 171  APTEK,"Гянджеви Мехсети 8, пос. Бакиханова Сабунчинский район","(+99455) 684-27-37,(+99412) 429-81-97"
https://www.navigator.az/firm/23557/info/,ZEYTUN PHARMACY Yasamal,Хагвердиева 33 J Ясамальский район,(+99412) 538-13-39
https://www.navigator.az/firm/22445/info/,ZEYTUN 139 PHARMACY,Низами 107 B Насиминский район - Ориентир: Кинотеатр НИЗАМИ Сахиль,"(+99412) 498-78-75,(+99450) 697-65-76"
https://www.navigator.az/firm/13744/info/,ЧИРАГ Аптека Нариманово,Тебриза 31/7 Наримановский район,(+99412) 489-85-62
https://www.navigator.az/firm/9344/info/,ГЛЮКОЗА Аптека (ЧП АББАСЛЫ А.Б.),Шарифзаде 182 B Ясамальский район Иншаатчылар,"(+99412) 433-74-34,(+99450) 661-74-34,(+99412) 432-59-38"
https://www.navigator.az/firm/6154/info/,АПТЕКА №138,"Пашаева Нураддина 8, пос. Бадамдар Сабаильский район",(+99412) 502-89-85
https://www.navigator.az/firm/18818/info/,ВЕТЕРИНАРНАЯ АПТЕКА,Московский пр-т. 96 Насиминский район 20 января,"(+99412) 430-56-25,(+99451) 385-88-10"
https://www.navigator.az/firm/741/info/,БУТА КАСПИАН,"Кязымзаде Кязыма 123, 563-й квартал Ясамальский район Элмляр Академиясы","(+99412) 537-01-32,(+99455) 505-48-61"
